EmployeeID,Age,Department,SalaryBand,YearsAtCompany,YearsSinceLastPromotion,NumProjects,SatisfactionLevel,WorkLifeBalance,Left
1,50,Support,Medium,17,9,1,0.8,1,0
2,36,R&D,Low,5,9,6,0.64,1,0
3,29,Sales,Low,14,2,2,0.36,1,0
4,42,R&D,High,9,3,1,0.43,3,1
5,40,R&D,High,4,1,2,0.8,2,0
6,44,Support,Low,4,8,6,0.59,3,1
7,32,HR,High,9,9,4,0.37,2,0
8,32,Technical,Medium,4,6,6,0.97,3,0
9,45,Sales,High,2,6,9,0.77,4,0
10,57,Support,Low,5,5,8,0.97,4,1
11,45,HR,Medium,3,2,1,0.54,4,1
12,24,Management,Low,17,5,8,0.58,4,0
13,43,Technical,Medium,8,7,9,0.92,1,1
14,23,Technical,Low,16,7,6,0.62,1,0
15,45,Support,Low,12,8,5,0.77,3,1
16,51,Finance,Low,14,0,6,0.4,3,0
17,59,Sales,Medium,19,0,6,0.56,4,1
18,23,Technical,Low,16,2,9,0.3,2,0
19,42,Support,Medium,12,2,4,0.36,4,0
20,54,Support,High,15,9,2,0.2,3,0
21,33,HR,Low,3,7,9,0.23,4,0
22,43,Management,Medium,4,9,2,0.98,3,0
23,46,Finance,Low,4,0,9,0.39,4,0
24,48,Sales,High,8,1,2,0.73,2,0
25,49,R&D,Low,16,1,8,0.87,4,0
26,37,Management,Medium,12,2,9,0.64,2,0
27,36,Management,High,1,5,9,0.32,2,0
28,24,HR,High,12,0,9,0.78,3,1
29,58,Technical,Medium,18,1,2,0.68,2,0
30,28,Technical,Low,2,0,4,0.79,1,0
31,42,HR,Medium,9,4,7,0.82,1,0
32,30,Support,High,1,6,2,0.98,1,0
33,39,Technical,Medium,12,7,1,0.66,3,0
34,25,Finance,Low,18,9,3,0.47,1,0
35,46,Sales,High,16,0,4,0.72,3,0
36,35,Management,Medium,13,6,8,0.25,3,1
37,30,Management,Medium,11,4,6,0.92,1,0
38,47,Finance,Low,11,9,2,0.3,2,0
39,23,Technical,Medium,10,0,9,0.46,4,0
40,41,Management,Low,6,2,2,0.85,3,0
41,49,R&D,Medium,3,6,5,0.68,1,1
42,28,Sales,Low,18,9,4,0.51,3,0
43,29,Sales,Medium,0,0,7,0.58,2,0
44,56,Management,High,2,6,8,0.88,2,0
45,35,HR,Low,12,4,5,0.47,1,0
46,38,Management,High,14,0,5,0.9,3,0
47,57,HR,Low,1,0,2,0.27,4,1
48,25,Management,High,10,0,8,0.82,4,1
49,23,R&D,Medium,3,8,2,0.88,3,1
50,27,Support,Medium,18,2,6,0.35,3,1
51,25,Sales,Medium,16,4,8,0.54,3,0
52,50,Management,High,2,9,6,0.33,1,0
53,39,R&D,Low,17,8,4,0.77,2,1
54,47,HR,Low,7,5,4,0.63,4,1
55,55,HR,Medium,18,8,6,0.71,1,1
56,31,Sales,High,4,7,4,0.36,3,0
57,57,Finance,Medium,6,7,8,0.37,3,0
58,35,Management,Medium,7,0,9,0.23,2,1
59,52,Technical,Low,4,8,1,0.46,3,0
60,36,HR,High,16,5,4,0.65,1,1
61,29,Support,Low,4,8,4,0.89,1,0
62,35,Support,Medium,3,2,2,0.73,2,0
63,44,HR,Low,18,2,6,0.55,1,0
64,42,Finance,Low,1,5,3,0.96,4,1
65,37,Finance,Low,10,8,7,0.78,1,0
66,39,R&D,Low,12,6,5,0.94,1,0
67,45,Support,Medium,14,2,4,0.62,1,1
68,47,R&D,Low,11,2,5,0.41,4,0
69,46,Support,Low,10,1,8,0.24,3,1
70,50,Management,Low,6,8,3,0.78,1,0
71,36,Management,Low,4,2,7,0.3,2,1
72,22,Technical,Low,16,4,6,0.44,4,0
73,46,Management,Low,19,8,1,0.63,2,1
74,28,Technical,Medium,8,7,7,0.65,1,1
75,30,Management,Medium,13,1,7,0.68,2,0
76,45,Sales,Medium,11,2,1,0.33,1,0
77,22,Management,Low,5,1,9,0.5,4,0
78,29,R&D,Low,16,7,6,0.69,2,0
79,45,HR,High,18,5,2,0.98,2,1
80,32,R&D,Medium,18,5,5,0.78,1,0
81,38,HR,Low,15,8,4,0.94,1,0
82,29,Finance,Low,11,7,7,0.81,3,0
83,56,R&D,Low,11,3,8,0.67,1,1
84,56,Finance,Low,19,3,1,0.35,1,1
85,54,Technical,Low,5,8,5,0.73,3,0
86,26,Technical,Medium,3,0,3,0.7,1,0
87,49,Sales,Medium,5,1,1,0.68,1,0
88,28,Management,Medium,10,1,3,0.59,3,0
89,30,R&D,Medium,0,5,6,0.62,4,0
90,29,Finance,High,14,3,7,0.47,4,0
91,33,HR,Medium,10,9,8,0.62,1,0
92,55,Technical,High,18,2,4,0.36,1,0
93,54,Management,Low,17,2,3,0.84,3,0
94,44,Technical,Low,16,2,5,0.35,3,0
95,45,HR,Low,18,5,9,0.27,4,0
96,58,Management,Medium,13,7,6,0.55,2,1
97,56,Management,High,17,6,9,0.73,1,0
98,43,Finance,Low,18,3,6,0.55,2,0
99,48,Finance,High,14,3,2,0.42,2,0
100,56,R&D,Low,14,9,5,0.65,3,1
101,22,R&D,High,3,1,9,0.48,1,1
102,56,Support,Low,6,0,8,0.95,1,0
103,58,Support,Low,12,8,7,0.94,3,0
104,35,Sales,Low,2,1,1,0.6,2,0
105,24,Technical,Low,15,7,4,0.46,3,0
106,22,R&D,Low,8,8,7,0.79,4,0
107,26,Finance,Low,7,3,7,0.23,1,0
108,47,HR,High,19,7,6,0.58,4,0
109,35,Finance,Medium,12,8,8,0.47,3,0
110,48,Technical,Low,16,9,6,0.94,1,0
111,30,Support,Medium,16,9,3,0.21,4,0
112,36,Finance,Medium,16,4,4,0.64,4,0
113,36,Sales,Low,0,6,3,0.79,2,0
114,47,Technical,Low,7,9,1,0.59,1,0
115,34,Support,Low,18,3,5,0.27,4,1
116,53,HR,Low,5,0,1,0.98,4,0
117,53,Support,Medium,2,2,1,0.61,2,0
118,25,Management,Low,4,4,2,0.69,4,1
119,51,Sales,Medium,12,2,4,0.39,4,0
120,58,Technical,Medium,14,6,6,0.59,4,0
121,44,HR,Low,13,8,8,0.54,2,0
122,36,Sales,Medium,15,5,3,0.26,4,1
123,50,Support,Low,17,9,1,0.28,4,1
124,57,Sales,High,10,0,3,0.87,1,0
125,34,Technical,Low,2,6,3,0.39,1,0
126,53,R&D,High,9,2,5,0.36,2,0
127,28,Sales,Medium,9,4,4,0.6,3,0
128,43,Management,Low,15,9,4,0.81,1,0
129,49,Sales,Medium,11,3,9,0.25,2,0
130,23,Support,High,1,9,7,0.66,4,0
131,27,Support,Medium,8,4,4,0.3,4,1
132,49,HR,High,2,4,3,0.23,2,0
133,49,Support,High,14,5,6,0.24,4,0
134,41,Finance,Low,2,9,3,0.87,4,0
135,51,Technical,Low,18,9,6,0.29,3,1
136,32,Technical,Medium,17,5,9,0.24,4,0
137,49,R&D,Low,7,7,6,0.55,1,0
138,46,R&D,High,16,7,4,0.88,4,0
139,54,Technical,High,7,8,5,0.41,2,0
140,22,Management,Low,6,7,6,0.54,3,1
141,48,R&D,Low,6,1,3,0.23,4,0
142,34,HR,Medium,2,9,8,0.56,2,0
143,24,Support,Low,0,0,4,0.66,1,0
144,27,Technical,High,3,9,8,0.66,4,0
145,29,R&D,Low,4,1,3,0.47,3,1
146,48,Technical,Medium,0,1,7,0.45,4,0
147,30,Finance,Low,14,2,9,0.29,2,0
148,58,Sales,Medium,4,9,4,0.49,3,0
149,54,Support,Low,12,6,8,0.28,4,0
150,45,Technical,Medium,7,1,3,0.81,1,1
151,36,Sales,Low,7,0,7,0.97,3,0
152,53,R&D,Medium,4,5,3,0.98,1,1
153,53,Sales,High,8,8,7,0.89,2,1
154,45,Support,Low,0,2,6,0.68,4,0
155,33,Technical,Low,3,5,2,0.76,1,0
156,23,Finance,Low,2,2,3,0.43,2,0
157,24,Management,Medium,1,0,6,0.7,4,0
158,58,R&D,Medium,7,4,4,0.56,2,0
159,38,Technical,Medium,8,9,6,0.59,1,0
160,23,Support,Low,1,3,1,0.81,2,0
161,23,R&D,Low,13,6,1,0.43,3,0
162,49,HR,Medium,13,5,3,0.45,4,0
163,44,Sales,Low,3,9,8,0.94,2,0
164,58,Management,High,5,6,8,0.24,1,0
165,53,Support,Low,10,4,4,0.59,4,0
166,54,HR,Medium,2,3,6,0.93,3,1
167,22,Technical,Low,7,6,8,0.69,4,0
168,40,Finance,Low,2,6,7,0.64,3,1
169,23,R&D,Medium,13,5,7,0.4,4,0
170,47,Sales,Medium,12,7,4,0.47,2,0
171,53,R&D,High,12,3,9,0.88,2,0
172,27,Management,Low,1,9,6,0.65,1,0
173,53,Technical,Low,12,4,3,0.61,3,0
174,25,R&D,Medium,18,3,5,0.28,1,0
175,32,Sales,Medium,5,0,5,0.21,2,0
176,38,Technical,Low,15,7,5,0.97,3,0
177,59,R&D,Low,1,0,8,0.5,1,0
178,45,Finance,Low,7,4,9,0.68,1,1
179,26,Support,High,16,5,9,0.26,1,0
180,55,Technical,Low,1,5,6,0.75,1,0
181,27,Support,Low,9,4,6,0.95,1,0
182,43,Technical,Low,15,2,9,0.66,3,1
183,32,Finance,Low,5,4,4,0.3,1,1
184,37,Support,Low,1,7,6,0.67,3,0
185,54,HR,Medium,1,1,4,0.81,1,1
186,30,Sales,Low,12,5,1,0.53,2,0
187,27,HR,High,14,8,7,0.9,2,0
188,37,R&D,Low,1,7,6,0.72,1,1
189,50,Finance,Medium,6,7,9,0.92,4,1
190,24,HR,High,2,7,7,0.7,2,0
191,41,Technical,Medium,7,6,7,0.31,3,1
192,57,R&D,Medium,13,7,2,0.45,1,0
193,40,R&D,Low,6,5,9,0.36,3,1
194,47,HR,Low,6,1,9,0.93,4,0
195,24,HR,Medium,0,1,6,0.81,1,0
196,40,Finance,High,16,7,3,0.74,2,0
197,41,Sales,Medium,8,0,1,0.44,3,0
198,53,HR,Medium,12,5,4,0.35,2,0
199,28,Management,Medium,18,5,3,0.81,2,0
200,54,HR,Low,18,3,1,0.58,1,0
201,39,Support,Low,16,9,3,0.38,3,0
202,22,Technical,Medium,9,2,4,0.69,4,0
203,32,Management,High,9,2,8,0.23,2,0
204,49,Management,Low,3,0,9,0.46,1,0
205,46,Support,Medium,7,2,3,0.57,1,0
206,44,Support,Low,19,3,6,0.32,4,1
207,52,R&D,Medium,19,4,5,0.99,1,1
208,51,Sales,Low,17,2,6,0.37,2,0
209,56,Technical,Low,13,5,4,0.3,1,0
210,28,Finance,Medium,17,4,6,0.36,3,0
211,37,Management,Low,13,2,7,0.82,3,0
212,47,Finance,Medium,19,5,9,0.54,2,0
213,23,HR,Medium,14,5,7,0.65,3,1
214,22,HR,High,3,7,6,0.22,4,0
215,33,Finance,Low,12,1,1,0.23,1,0
216,26,HR,Low,7,0,2,0.56,2,0
217,58,Sales,Low,17,3,1,0.85,4,1
218,53,Support,High,11,6,9,0.91,1,0
219,30,HR,High,13,9,9,0.27,4,0
220,56,R&D,Medium,1,2,7,0.63,2,0
221,40,HR,High,17,2,2,0.93,2,0
222,37,Technical,Medium,1,4,6,0.51,4,0
223,24,Sales,Medium,10,4,4,0.86,1,0
224,41,Technical,Low,8,9,1,0.31,3,1
225,45,Technical,Medium,11,2,1,0.95,3,0
226,54,R&D,Low,16,8,5,0.8,4,0
227,45,Sales,High,14,3,2,0.95,2,0
228,32,Sales,Medium,16,2,4,0.74,1,0
229,29,Sales,Medium,17,1,1,0.49,1,0
230,57,Sales,Low,5,9,4,0.95,2,0
231,59,Sales,Low,16,8,6,0.42,3,0
232,41,R&D,Low,17,3,4,0.47,1,1
233,56,HR,Low,7,2,1,0.76,4,0
234,46,Technical,Low,8,6,7,0.81,3,0
235,56,Sales,High,5,7,2,0.94,4,1
236,46,Management,Medium,4,1,9,0.36,3,0
237,50,HR,Low,11,6,3,0.84,2,0
238,39,HR,Low,10,4,8,0.79,4,0
239,39,Technical,Low,0,4,8,0.25,4,0
240,23,R&D,Medium,10,2,3,0.51,2,1
241,56,Finance,Medium,18,4,4,0.43,4,0
242,37,Finance,High,8,1,2,0.44,3,0
243,57,HR,Low,1,3,4,0.99,1,0
244,54,Support,High,11,5,9,0.71,1,0
245,25,Support,High,3,0,2,0.77,2,0
246,54,Technical,Low,3,9,3,0.98,3,0
247,35,Finance,High,17,3,4,0.5,4,1
248,42,HR,Low,14,5,5,0.84,4,1
249,41,R&D,High,18,8,1,0.55,1,0
250,29,Finance,Low,12,1,7,0.9,4,0
251,28,HR,High,18,6,7,0.34,1,1
252,24,HR,High,16,5,9,0.96,2,0
253,38,Sales,High,5,1,4,0.38,4,0
254,54,R&D,Medium,15,7,6,0.46,3,0
255,33,Sales,Low,11,6,2,0.8,4,1
256,43,Technical,Low,18,4,4,0.52,1,1
257,43,Sales,Low,4,4,2,0.69,2,0
258,51,Management,Low,16,6,5,0.56,1,0
259,59,Sales,Medium,0,8,7,0.79,4,0
260,59,Management,Low,9,8,1,0.38,1,0
261,29,Finance,High,14,8,7,0.25,1,0
262,48,Support,Medium,10,5,6,0.44,2,1
263,48,HR,High,12,9,6,0.58,3,0
264,55,Management,Low,4,5,8,0.33,4,1
265,42,R&D,High,0,2,8,0.48,2,0
266,51,Sales,High,11,0,6,0.52,3,0
267,54,Management,Low,10,6,3,0.25,1,0
268,49,R&D,Medium,16,3,5,0.67,3,0
269,54,Support,Medium,3,0,2,0.91,1,0
270,26,Support,Low,14,7,5,0.32,1,1
271,40,Sales,Medium,8,5,9,0.68,2,1
272,25,Technical,Low,19,5,1,0.73,1,0
273,56,Sales,Low,18,1,5,0.54,2,0
274,38,Finance,Low,18,0,6,0.76,3,1
275,49,Management,Low,11,1,7,0.53,3,0
276,51,HR,Low,4,3,9,0.6,1,0
277,50,Technical,Low,9,1,6,0.21,2,0
278,27,Sales,High,16,0,5,0.75,1,1
279,56,R&D,Medium,4,6,7,0.73,2,0
280,58,Technical,High,15,7,1,0.23,2,0
281,45,Management,Low,6,5,5,0.49,2,1
282,50,Technical,Low,8,3,2,0.98,3,0
283,52,Management,Medium,2,5,4,0.54,2,0
284,56,Sales,Low,14,2,7,0.6,3,0
285,54,Management,Low,15,7,5,0.93,2,1
286,42,Technical,Medium,17,9,6,0.77,3,0
287,53,R&D,Low,13,1,2,0.67,4,1
288,44,Support,Medium,2,4,3,0.84,3,0
289,54,Technical,Medium,11,0,7,0.89,3,0
290,24,Management,Low,8,5,2,0.57,1,1
291,39,Support,Low,6,1,6,0.58,2,0
292,46,Management,Medium,8,3,5,0.51,4,0
293,52,R&D,Low,12,5,1,0.97,1,0
294,24,Management,Low,17,9,4,0.76,2,0
295,45,Sales,High,4,7,2,0.27,4,0
296,53,HR,Low,12,7,4,0.89,4,0
297,43,Technical,Medium,3,5,1,0.58,4,0
298,44,HR,High,1,3,2,0.26,2,1
299,23,Management,Low,15,7,8,0.64,4,0
300,48,R&D,Low,8,7,6,0.53,4,1
301,23,Technical,Low,8,9,2,0.9,1,0
302,47,Management,Low,5,0,6,0.36,3,0
303,38,Support,Low,10,3,9,0.86,2,0
304,54,Finance,Medium,0,3,7,0.65,3,0
305,30,Management,Low,3,6,9,0.24,1,0
306,50,HR,Medium,12,6,5,0.98,3,1
307,47,Technical,High,12,7,7,0.61,4,1
308,56,HR,High,12,4,7,0.43,4,1
309,46,Technical,Medium,1,6,3,0.58,2,0
310,45,Management,Low,8,7,7,0.89,2,1
311,34,Sales,Medium,7,8,1,0.44,2,0
312,28,Support,Medium,6,2,9,0.35,1,0
313,57,Management,Low,3,2,6,0.3,2,1
314,41,HR,Low,17,3,5,0.44,1,0
315,22,Finance,High,2,4,7,0.82,4,0
316,29,Finance,Low,5,9,5,0.58,3,0
317,37,R&D,Low,11,0,5,0.38,4,0
318,35,Technical,Low,11,6,7,0.33,4,0
319,33,HR,Low,7,8,7,0.47,4,0
320,44,R&D,High,0,7,3,0.95,2,1
321,36,HR,Medium,3,4,3,0.47,2,0
322,49,Technical,Medium,10,3,3,0.99,2,0
323,55,Management,Low,2,6,6,0.59,3,0
324,23,Management,Low,12,4,6,0.34,2,0
325,53,Finance,Low,16,6,3,0.91,1,0
326,44,Management,Low,9,0,3,0.57,4,0
327,43,Management,Low,11,0,8,0.77,3,1
328,46,Sales,Medium,14,9,8,0.99,3,1
329,43,Finance,Low,9,2,7,0.24,3,1
330,43,R&D,Medium,13,1,4,0.28,3,1
331,27,Support,Low,12,1,4,0.78,3,0
332,36,Sales,Low,4,6,3,0.43,1,1
333,58,R&D,Low,5,9,5,0.35,4,0
334,54,Technical,High,1,1,3,0.23,3,0
335,29,Sales,High,16,3,8,0.22,4,0
336,26,R&D,High,3,1,7,0.82,2,0
337,25,Technical,Low,13,5,3,0.31,3,0
338,27,Finance,Low,9,7,9,0.57,3,1
339,53,Support,Medium,2,9,5,0.68,4,0
340,51,Technical,Low,2,3,9,0.54,3,0
341,56,Management,High,14,4,7,0.22,3,0
342,37,HR,Low,5,3,7,0.83,3,0
343,34,Technical,Low,16,2,6,0.21,1,0
344,51,Technical,Low,11,4,2,0.81,1,0
345,40,Support,Low,19,8,9,0.91,3,0
346,38,HR,Medium,10,7,6,0.55,1,0
347,40,Management,Low,3,7,8,0.63,2,1
348,49,R&D,Low,5,7,1,0.58,3,0
349,47,R&D,Low,0,7,5,0.51,2,0
350,58,Technical,Low,19,6,1,0.91,4,0
351,47,HR,Medium,15,7,8,0.92,2,0
352,44,HR,High,14,7,8,0.47,4,1
353,30,Management,High,16,7,1,0.69,3,0
354,33,Support,Medium,7,9,9,0.94,4,0
355,22,Finance,Low,11,6,2,0.97,4,1
356,22,R&D,Medium,9,0,9,0.61,2,0
357,55,Support,Low,14,3,1,0.56,2,0
358,53,Sales,Low,8,3,9,0.42,2,0
359,46,R&D,High,1,4,4,0.97,3,1
360,22,Support,Low,4,9,9,0.31,3,1
361,37,R&D,High,5,5,7,0.66,2,0
362,26,Finance,Low,6,3,6,0.43,3,0
363,43,Sales,Medium,0,1,5,0.42,3,0
364,50,Finance,Medium,6,5,9,0.52,4,1
365,24,Management,High,19,7,2,1.0,4,1
366,33,Sales,Medium,11,7,2,0.24,2,0
367,47,Technical,Medium,15,6,9,0.66,3,1
368,37,Support,Low,15,5,3,0.27,4,0
369,58,Sales,Medium,10,1,8,0.32,1,0
370,43,Management,Low,3,6,9,0.55,3,0
371,50,Management,Medium,12,4,8,0.61,1,0
372,35,Finance,Medium,6,5,4,0.41,2,1
373,49,R&D,Medium,3,9,1,0.45,3,0
374,26,Sales,Low,14,7,4,0.27,2,0
375,51,Support,Low,18,7,9,0.44,2,1
376,26,Sales,Medium,8,2,2,0.97,2,1
377,33,HR,Low,10,6,3,0.96,2,0
378,37,R&D,Low,7,0,8,0.47,2,0
379,47,Support,Low,0,0,6,0.66,3,0
380,47,Support,High,7,6,8,0.93,1,0
381,42,Technical,Medium,12,9,7,0.2,3,1
382,57,Finance,Low,3,8,5,0.85,3,1
383,54,Technical,Low,7,6,9,0.96,3,0
384,51,Support,Low,2,9,4,0.27,4,0
385,58,R&D,Medium,8,4,6,0.33,4,0
386,44,Sales,Medium,1,7,2,0.97,3,1
387,31,Sales,Low,1,1,2,0.63,1,0
388,26,R&D,Low,12,8,2,0.21,3,0
389,57,Support,Low,14,5,7,0.41,2,0
390,55,Management,Medium,11,8,2,0.56,4,0
391,52,Sales,Medium,3,1,2,0.75,4,0
392,31,Management,Low,7,2,9,0.79,3,0
393,40,Sales,Low,8,7,7,1.0,3,1
394,53,Sales,Low,4,0,3,0.43,1,1
395,22,Finance,High,19,9,3,0.63,1,1
396,26,Finance,Low,17,6,7,0.63,2,0
397,25,HR,Medium,10,6,5,0.52,3,0
398,37,Technical,Medium,14,0,6,0.34,3,0
399,45,R&D,Low,8,8,8,0.98,3,0
400,37,R&D,Low,16,7,9,0.88,4,1
401,23,R&D,Low,11,3,1,0.6,2,0
402,49,HR,Medium,6,9,3,0.68,1,0
403,53,Finance,Medium,9,4,7,0.38,4,1
404,48,Support,Medium,9,1,6,0.64,4,1
405,41,Management,Medium,12,8,7,0.76,4,0
406,45,Management,Low,18,5,8,0.61,4,0
407,33,Support,High,10,2,6,0.99,2,0
408,56,HR,Medium,12,6,3,0.69,3,0
409,54,Support,Low,7,8,2,0.5,1,0
410,54,R&D,High,7,2,7,0.82,1,0
411,58,Technical,Medium,3,1,1,0.34,4,1
412,33,Sales,Medium,14,6,3,0.51,4,0
413,24,Management,Medium,10,6,4,0.48,2,0
414,22,Finance,High,10,3,1,0.55,4,0
415,54,Finance,Medium,0,8,5,0.83,1,0
416,31,HR,Low,16,7,3,0.59,1,1
417,50,Finance,Low,14,0,2,0.84,3,0
418,34,R&D,High,19,0,3,0.66,3,0
419,33,Management,Low,5,4,8,0.47,1,0
420,52,Support,Low,14,5,6,0.85,1,1
421,23,R&D,Low,8,2,7,0.39,2,0
422,56,HR,Low,13,8,6,0.38,2,1
423,44,R&D,Medium,17,9,6,0.6,1,0
424,38,Support,High,16,5,3,0.41,4,0
425,47,Technical,Low,17,3,8,0.21,3,0
426,29,HR,Low,4,6,7,0.72,1,1
427,50,Technical,Low,19,7,7,0.61,4,1
428,47,Sales,High,19,8,6,0.56,1,0
429,31,Technical,Medium,8,5,5,0.97,3,0
430,47,Sales,Low,10,5,8,0.66,3,0
431,55,Sales,High,0,7,5,0.89,2,0
432,28,Technical,High,17,4,9,0.31,2,0
433,25,HR,High,5,2,9,0.66,2,1
434,32,Support,High,1,2,1,0.89,2,1
435,50,R&D,Low,14,5,6,0.67,3,0
436,57,R&D,Medium,13,1,7,0.77,4,0
437,46,Support,Low,4,5,3,0.5,4,1
438,42,Management,High,5,5,7,0.27,4,1
439,57,Management,Medium,5,7,7,0.57,1,0
440,31,Sales,Medium,17,6,2,0.52,2,0
441,58,Sales,Medium,13,7,7,0.89,2,0
442,30,HR,Low,9,8,1,0.4,3,0
443,45,Finance,Medium,13,5,5,0.97,3,0
444,56,Technical,High,12,2,9,0.97,1,0
445,56,Sales,High,2,9,7,0.4,1,0
446,57,R&D,Low,5,2,7,0.48,4,0
447,39,HR,Low,7,0,2,0.92,3,0
448,53,Technical,Low,11,4,8,0.97,2,0
449,45,HR,Medium,12,3,3,0.55,4,1
450,44,Technical,High,10,8,8,0.46,2,1
451,53,Technical,Low,11,8,3,0.62,4,0
452,58,Support,Medium,0,4,7,0.75,2,0
453,33,Sales,High,16,9,2,0.42,1,1
454,34,HR,Medium,15,3,4,0.79,4,0
455,44,HR,Medium,10,6,6,0.24,2,0
456,46,Support,Medium,12,5,9,0.24,2,0
457,56,R&D,Medium,17,3,5,0.51,3,0
458,51,R&D,Low,10,9,9,0.48,4,0
459,38,Management,Medium,11,1,5,0.45,2,1
460,41,Sales,Medium,5,0,8,0.59,3,0
461,46,Sales,High,8,3,1,0.46,2,0
462,43,Finance,Medium,15,3,7,0.35,4,1
463,34,Support,Medium,3,0,4,0.45,1,0
464,40,R&D,Low,2,5,5,0.98,4,0
465,57,Technical,Low,15,3,6,0.53,4,0
466,33,HR,Low,11,0,5,0.56,2,0
467,40,Sales,Low,10,0,1,0.66,2,0
468,33,HR,Medium,4,0,9,0.99,4,0
469,30,HR,High,17,7,2,0.39,3,0
470,28,Finance,Low,18,9,9,0.75,3,0
471,49,R&D,Low,5,7,2,0.77,3,0
472,35,Sales,High,17,1,9,0.69,2,0
473,52,HR,Low,5,6,6,0.27,2,0
474,40,Sales,Medium,3,7,9,0.74,4,0
475,37,Technical,Medium,11,7,6,0.25,1,0
476,26,Finance,Medium,18,9,6,0.68,2,1
477,56,Technical,Low,1,6,2,0.79,4,0
478,33,Sales,Low,16,4,8,0.37,4,0
479,46,Management,Medium,10,0,3,0.87,1,1
480,42,Sales,Medium,10,8,7,0.22,3,0
481,57,R&D,Low,15,6,5,0.88,4,0
482,44,HR,Medium,1,1,3,0.57,4,1
483,37,HR,Low,1,5,1,0.37,4,1
484,35,Technical,Medium,7,1,8,0.31,3,0
485,52,Finance,Low,12,0,3,0.96,3,0
486,26,Management,High,9,6,2,0.26,1,0
487,56,Support,Low,7,1,1,0.36,2,1
488,44,HR,Low,3,1,4,0.48,3,0
489,50,R&D,Low,14,4,8,0.7,2,0
490,32,Technical,Low,0,4,3,0.64,2,1
491,39,Technical,High,10,6,1,0.3,3,0
492,33,Support,High,6,0,4,0.43,4,1
493,30,R&D,Low,16,7,9,0.39,1,0
494,31,Finance,Low,19,2,1,0.37,2,0
495,38,R&D,Medium,17,3,2,0.53,4,0
496,59,Finance,High,11,8,9,0.76,3,1
497,28,R&D,Medium,8,3,2,0.37,2,0
498,34,R&D,Low,4,9,3,0.49,2,0
499,30,Sales,Low,9,4,7,0.51,2,0
500,48,Technical,Medium,3,6,3,0.98,4,0
501,23,R&D,Low,4,3,9,0.96,4,1
502,26,Support,Medium,9,0,6,0.84,4,0
503,50,R&D,Low,10,8,3,0.39,2,0
504,58,HR,Medium,9,3,9,0.25,2,1
505,59,Technical,Low,7,8,1,0.45,1,0
506,40,HR,Medium,1,5,3,0.41,1,0
507,29,Technical,Low,7,0,1,0.6,4,0
508,22,HR,Medium,15,2,2,0.82,4,1
509,43,R&D,Low,4,1,8,0.89,3,0
510,38,R&D,Medium,2,8,7,0.88,4,0
511,28,Sales,Medium,11,0,2,0.49,1,0
512,46,Support,Medium,12,8,2,0.75,1,0
513,25,HR,Medium,12,8,9,0.45,1,0
514,57,Finance,Medium,9,7,6,0.25,2,0
515,27,Sales,High,3,7,5,0.76,2,0
516,52,HR,Low,8,0,6,0.21,4,0
517,40,HR,High,1,7,9,0.53,3,0
518,48,Sales,Low,18,9,7,0.46,3,0
519,31,R&D,Low,0,2,9,0.75,3,1
520,47,HR,Low,6,6,4,0.81,2,1
521,40,R&D,Low,16,0,2,0.44,1,0
522,24,Sales,Medium,2,0,8,0.85,1,0
523,34,R&D,Medium,19,9,4,0.44,2,0
524,49,Technical,Medium,19,4,9,0.56,3,1
525,41,Finance,Medium,2,4,4,0.78,3,1
526,49,Management,Low,2,7,8,0.75,4,1
527,29,HR,Low,16,6,9,0.99,4,0
528,22,Support,Low,6,7,9,0.38,3,0
529,24,Finance,Low,13,5,4,0.73,2,0
530,34,Management,Low,16,5,1,0.69,3,0
531,49,R&D,Low,17,1,3,0.93,4,0
532,46,HR,Medium,12,5,9,0.33,3,1
533,54,R&D,Medium,19,4,4,0.8,2,0
534,59,Technical,High,19,2,5,0.65,1,0
535,27,Sales,High,17,5,7,0.42,2,0
536,53,HR,Medium,3,7,5,0.58,2,1
537,42,Management,Low,0,8,4,0.47,4,0
538,37,Management,Medium,17,0,2,0.66,2,0
539,42,Technical,Medium,0,2,2,0.91,2,1
540,32,Technical,Low,12,2,4,0.66,4,0
541,58,HR,Low,19,7,9,0.71,4,0
542,57,R&D,High,19,0,8,0.61,1,0
543,56,Support,Low,9,4,3,0.24,3,0
544,40,Management,Medium,10,2,9,0.39,2,1
545,41,Management,Medium,8,1,5,0.59,4,1
546,39,Technical,Low,8,7,3,0.45,1,0
547,35,Finance,Low,4,2,5,0.35,3,0
548,36,Technical,Low,0,6,4,0.6,4,0
549,52,Support,Low,16,0,8,0.46,3,0
550,22,R&D,Low,1,5,5,0.41,3,0
551,24,R&D,High,12,2,8,0.57,2,0
552,37,Finance,Low,8,7,9,0.31,2,0
553,44,Management,Medium,3,5,4,0.94,4,1
554,32,Technical,Low,4,1,7,0.89,3,0
555,33,R&D,High,10,5,2,0.77,4,0
556,31,Support,Low,18,6,6,0.28,4,0
557,53,HR,Low,2,4,8,0.82,3,1
558,37,Sales,High,11,2,7,0.85,4,0
559,29,Sales,High,18,3,7,0.81,3,0
560,59,Sales,Low,18,3,8,0.29,3,0
561,33,Management,High,12,5,7,0.72,3,0
562,45,Technical,Low,6,9,5,0.87,3,0
563,49,Finance,Low,14,0,7,0.66,1,1
564,29,R&D,Low,6,3,3,0.72,3,1
565,49,HR,Low,7,9,5,0.57,2,1
566,57,Support,Medium,4,3,7,0.62,2,0
567,47,HR,Low,13,9,9,0.23,2,0
568,29,Support,Low,3,0,2,0.71,3,0
569,49,Management,Medium,9,8,4,0.27,2,1
570,49,Technical,Medium,19,3,7,0.55,1,0
571,58,Sales,Low,14,6,1,0.43,4,0
572,57,Technical,Medium,17,2,2,0.64,3,0
573,48,Management,Low,19,9,9,0.31,2,0
574,38,Finance,Medium,12,2,7,0.75,1,0
575,30,Finance,Medium,7,7,7,0.84,4,0
576,54,Management,High,8,7,6,0.33,1,0
577,41,Support,Low,15,0,3,0.28,2,1
578,34,R&D,Low,18,9,3,0.32,1,0
579,49,R&D,Low,15,1,2,0.9,4,0
580,50,Support,Low,6,7,6,0.62,2,0
581,34,Finance,Low,13,0,4,0.57,4,0
582,56,Finance,High,13,7,5,0.29,1,1
583,27,Finance,Low,3,7,3,0.72,3,0
584,39,Technical,Low,14,1,6,0.89,3,0
585,26,Finance,Medium,2,3,3,0.86,3,0
586,46,HR,Low,4,5,8,0.7,3,1
587,23,Sales,Medium,0,8,9,0.26,4,0
588,31,Finance,Low,2,7,4,0.29,3,0
589,51,Support,Low,14,7,9,0.24,4,0
590,26,Sales,Low,7,6,7,0.41,2,0
591,54,Technical,Low,3,8,3,0.31,3,0
592,22,Support,High,1,1,7,0.41,4,1
593,39,Sales,Low,9,2,1,0.51,3,0
594,53,Support,Medium,3,9,3,0.95,3,1
595,32,Technical,Low,2,7,6,0.69,3,0
596,42,HR,Low,1,5,4,0.87,4,0
597,47,Technical,High,16,9,7,0.77,1,0
598,46,Technical,Low,19,8,3,0.29,3,1
599,43,Support,Medium,12,9,1,0.79,3,0
600,48,Management,High,4,3,9,0.42,2,1
601,34,R&D,Medium,8,7,6,0.71,1,1
602,54,Finance,High,5,9,8,0.47,4,1
603,55,Finance,Low,4,2,3,1.0,2,0
604,56,HR,Low,9,2,8,0.41,3,0
605,22,HR,Low,7,7,2,0.42,2,1
606,42,Finance,Medium,6,4,4,0.94,2,0
607,27,R&D,High,6,2,3,0.22,3,0
608,49,Finance,Low,5,9,1,0.76,1,0
609,38,Management,Medium,19,0,7,0.78,1,0
610,26,R&D,Low,2,2,2,0.87,2,0
611,52,HR,Medium,18,8,4,0.98,3,0
612,26,Sales,Low,14,4,9,0.98,4,0
613,59,Support,High,3,9,6,0.25,2,0
614,24,Management,Medium,11,1,8,0.86,4,0
615,44,Management,Low,5,6,2,0.72,2,0
616,58,HR,Low,18,1,7,0.72,2,0
617,58,HR,Low,3,3,6,0.3,3,0
618,31,Technical,Low,14,6,9,0.72,3,0
619,31,Management,Low,8,3,7,0.99,4,0
620,40,Technical,High,4,6,1,0.93,4,0
621,38,Technical,Medium,12,6,8,0.55,1,0
622,42,Support,Medium,17,0,3,0.23,3,0
623,35,Technical,Low,4,5,2,0.49,2,1
624,30,R&D,High,15,8,3,0.86,2,0
625,22,Finance,Medium,18,1,6,0.76,1,0
626,34,Sales,Low,13,2,3,0.57,3,0
627,25,HR,Medium,15,9,5,0.24,2,0
628,22,R&D,Medium,14,4,6,0.54,1,0
629,53,Sales,Low,3,8,8,0.58,1,0
630,55,Management,Low,6,3,7,0.94,2,0
631,49,Management,Low,15,0,8,0.71,2,0
632,52,Management,Low,7,3,3,0.45,4,0
633,29,R&D,High,16,5,4,0.62,3,1
634,47,R&D,High,15,4,6,0.25,4,0
635,55,HR,Medium,9,0,7,0.98,1,0
636,24,Finance,Low,9,3,9,0.49,2,0
637,33,Technical,Low,1,5,1,0.58,4,0
638,22,Management,Medium,8,9,8,0.48,1,1
639,26,Support,Medium,16,9,8,0.75,3,0
640,51,Finance,Low,10,3,6,0.73,2,0
641,51,Support,Medium,9,8,4,0.77,4,1
642,38,HR,High,16,4,3,0.41,3,0
643,44,HR,Low,3,7,3,0.45,4,0
644,36,HR,Low,15,8,6,0.3,1,1
645,58,Sales,Medium,19,9,8,0.72,3,0
646,42,Support,Low,14,4,7,0.23,4,0
647,35,Finance,Low,4,5,1,0.68,3,0
648,23,Finance,Low,5,0,6,0.9,1,0
649,32,R&D,Low,16,6,7,0.91,3,0
650,59,R&D,Medium,0,3,7,0.56,4,1
651,55,Management,Medium,18,1,9,0.57,1,0
652,59,R&D,Low,3,4,5,0.26,2,0
653,55,HR,High,16,2,1,0.74,4,1
654,39,Finance,High,8,5,2,0.86,4,0
655,51,Support,High,1,7,4,0.4,1,0
656,36,HR,Low,7,6,5,0.54,1,0
657,48,Sales,Low,14,2,9,0.87,2,1
658,55,R&D,High,6,7,1,0.9,4,1
659,59,HR,Medium,5,1,3,0.39,1,0
660,54,HR,Low,0,9,5,0.64,2,0
661,45,Sales,Low,14,8,3,0.35,2,0
662,36,Technical,Low,6,3,4,0.28,1,1
663,51,Finance,High,16,0,3,0.93,4,0
664,38,Support,Medium,1,7,4,0.86,3,0
665,26,Management,Low,8,6,1,0.81,3,1
666,50,Technical,Low,8,4,8,0.24,2,0
667,25,R&D,Medium,12,9,4,0.87,3,0
668,31,HR,High,5,4,7,0.55,3,0
669,38,Sales,Low,5,6,2,0.47,1,0
670,31,Sales,Medium,19,4,2,0.64,2,0
671,38,Finance,High,19,7,6,0.27,4,1
672,41,Technical,Low,2,5,2,0.81,2,0
673,45,Management,Medium,16,4,6,0.67,1,0
674,26,Finance,Low,16,8,2,0.35,3,0
675,55,HR,Medium,11,1,4,0.35,4,0
676,27,Finance,Medium,15,0,7,0.35,2,0
677,23,Support,Medium,14,7,8,0.25,3,0
678,34,Sales,Medium,12,2,3,0.67,2,1
679,32,Sales,Low,0,6,9,0.87,4,0
680,44,R&D,High,16,9,2,0.21,2,0
681,37,R&D,Medium,2,7,8,0.24,2,0
682,52,Management,Low,14,5,8,0.66,2,1
683,32,HR,Medium,3,9,4,0.86,3,0
684,37,Support,Medium,3,8,1,0.46,4,1
685,29,Technical,Low,17,6,1,0.48,4,0
686,25,Finance,High,16,9,2,0.68,3,1
687,25,Management,High,18,4,9,0.42,3,0
688,46,HR,Low,10,7,2,0.22,3,1
689,24,R&D,High,19,1,2,0.79,1,0
690,53,Finance,Low,2,6,6,0.7,2,0
691,24,R&D,Low,7,3,7,0.66,2,0
692,48,Finance,Low,13,8,7,0.79,4,1
693,50,Technical,High,0,0,9,0.74,2,0
694,53,HR,Medium,13,6,6,0.36,1,1
695,40,Finance,Low,1,5,8,0.48,3,1
696,42,Support,Low,3,7,6,0.3,4,0
697,26,Management,Medium,18,4,2,0.3,4,1
698,39,Sales,Low,5,0,1,0.74,2,0
699,49,Support,High,0,0,5,0.89,4,0
700,43,Support,High,16,8,9,0.97,3,0
701,42,Management,Medium,7,9,8,0.7,4,0
702,27,Sales,High,18,5,4,0.35,3,0
703,22,Support,Low,0,9,5,0.28,1,0
704,26,Finance,High,4,4,5,0.85,1,0
705,33,Finance,Medium,15,0,6,0.66,3,0
706,47,Finance,Medium,5,5,3,0.69,2,0
707,55,Sales,Low,7,5,5,0.83,4,0
708,35,Support,High,12,2,2,0.76,2,1
709,47,Sales,Low,15,7,1,0.87,4,0
710,48,Finance,Low,2,0,1,0.24,1,0
711,30,Management,Low,18,0,7,0.8,1,0
712,47,Support,Medium,11,5,2,0.88,1,0
713,43,Support,Medium,15,9,4,0.43,4,1
714,51,R&D,Medium,10,0,5,0.71,1,0
715,38,R&D,High,9,5,7,0.45,1,0
716,47,Technical,Low,19,0,2,0.97,1,0
717,57,HR,Medium,3,5,6,0.23,1,0
718,22,R&D,Low,11,2,1,0.66,2,1
719,29,Sales,High,1,7,7,0.33,1,1
720,56,R&D,High,18,5,9,0.77,1,0
721,36,Technical,Medium,4,0,5,0.34,2,0
722,43,Support,Medium,7,4,5,0.39,2,0
723,35,Technical,Low,6,7,4,0.6,4,0
724,47,Support,Low,13,2,3,0.93,3,1
725,49,Management,High,2,5,9,0.37,1,1
726,44,Management,Low,17,4,5,0.32,1,0
727,35,Support,Low,15,5,8,0.81,1,1
728,45,HR,Low,18,9,9,0.6,4,0
729,23,R&D,High,18,0,5,0.93,1,0
730,47,Sales,Low,17,6,9,0.32,3,0
731,35,Sales,Low,19,8,2,0.72,2,0
732,28,Finance,Medium,15,1,9,0.39,4,0
733,24,Support,High,7,9,4,0.33,2,0
734,44,Sales,Low,0,4,6,0.75,1,0
735,39,HR,Low,16,9,6,0.67,1,0
736,59,Support,Low,11,3,6,0.8,1,1
737,56,HR,Low,10,5,2,0.45,3,0
738,36,Sales,Low,4,5,7,0.56,3,0
739,46,Sales,Medium,11,1,6,0.52,4,1
740,58,Finance,Medium,16,1,1,0.99,2,1
741,49,Sales,Medium,5,3,2,0.43,1,1
742,31,Support,Low,0,0,7,0.44,1,0
743,38,Management,High,4,8,1,0.48,1,0
744,43,Support,Low,13,6,1,0.65,1,0
745,47,Support,High,4,6,1,0.4,3,0
746,46,Finance,Medium,0,2,8,0.93,2,1
747,38,Finance,Low,17,2,4,0.41,2,0
748,34,Sales,Medium,15,0,4,0.92,4,0
749,41,Technical,Low,8,2,2,0.28,3,0
750,46,Technical,Medium,18,2,1,0.73,1,0
751,25,Finance,Low,4,3,9,0.93,2,1
752,31,Sales,Low,1,3,7,0.33,2,0
753,24,Technical,High,14,2,4,0.97,3,0
754,39,Sales,Low,6,9,6,0.56,4,0
755,57,Sales,High,3,7,2,0.96,4,0
756,43,Sales,Low,0,7,7,0.74,1,0
757,55,R&D,Medium,12,0,2,0.44,4,0
758,29,Support,Medium,19,6,8,0.35,2,0
759,40,Sales,Medium,6,1,8,0.44,4,0
760,58,R&D,Low,14,0,1,0.27,1,1
761,27,Finance,Low,13,2,8,0.32,2,1
762,47,Technical,Low,18,3,2,0.28,4,1
763,55,Support,Low,19,5,6,0.54,4,0
764,27,Management,Medium,17,9,1,0.84,3,0
765,58,Technical,High,9,4,5,0.31,1,0
766,54,Support,High,8,3,7,0.3,4,1
767,43,Management,Medium,7,7,1,0.71,3,1
768,42,Technical,Medium,9,3,2,0.36,2,1
769,27,Support,Medium,16,9,7,0.28,3,0
770,27,Technical,Low,1,1,6,0.33,3,1
771,25,Technical,High,5,2,3,0.94,4,0
772,51,Management,Medium,4,5,2,0.86,4,0
773,32,Technical,Medium,8,7,4,0.48,4,0
774,51,Technical,Low,4,7,3,0.72,3,0
775,52,Management,Low,17,8,7,0.63,2,0
776,45,Finance,Low,19,6,8,0.74,1,0
777,30,Sales,High,8,1,2,0.75,3,0
778,24,HR,Medium,16,7,7,0.7,4,0
779,52,R&D,Low,16,6,8,0.41,1,1
780,58,HR,High,11,7,6,0.23,2,0
781,57,HR,Low,6,2,6,0.56,1,0
782,45,Support,Low,2,6,1,0.91,4,1
783,52,Sales,Low,9,9,4,0.66,3,1
784,27,Support,Medium,1,8,1,0.87,3,0
785,23,Sales,High,2,2,4,0.99,4,0
786,41,Management,Low,15,9,2,0.33,3,0
787,49,Management,High,1,5,5,0.75,4,0
788,32,Sales,Low,9,1,9,0.74,3,0
789,25,Technical,High,5,1,3,0.98,3,1
790,36,Finance,Medium,10,4,8,0.99,3,0
791,27,Technical,High,6,4,3,0.75,2,1
792,51,Finance,Low,14,6,6,0.39,2,1
793,59,Support,High,5,1,4,0.84,4,1
794,23,Finance,Medium,19,6,8,0.29,2,0
795,36,Support,Low,8,4,6,0.82,4,1
796,32,Management,High,19,5,8,0.93,1,0
797,29,HR,Low,11,7,1,0.51,1,0
798,47,Management,High,18,9,6,0.7,2,0
799,26,Management,Low,19,3,1,0.54,1,0
800,27,HR,Medium,2,6,1,0.55,1,0
801,47,Finance,Medium,14,5,8,0.45,3,0
802,25,Finance,Low,1,9,7,0.81,3,0
803,40,Support,Low,1,1,3,0.95,4,0
804,41,Technical,Low,2,7,6,0.95,1,0
805,54,Support,Low,5,9,9,0.34,4,0
806,41,Technical,Low,14,8,7,0.9,4,1
807,33,Management,Medium,9,4,3,0.79,1,0
808,22,HR,Low,8,9,6,0.4,2,0
809,47,Management,Low,0,3,4,0.25,1,0
810,35,Sales,Medium,15,5,3,0.41,3,0
811,59,Finance,Low,5,7,9,0.93,1,0
812,58,Technical,High,8,2,2,0.71,2,0
813,32,Support,High,3,9,1,0.78,4,1
814,57,HR,Medium,1,0,2,0.41,4,0
815,34,Technical,Medium,3,3,7,0.78,3,0
816,24,Support,High,0,3,1,0.22,3,0
817,54,Finance,Low,18,0,6,0.5,3,1
818,27,Management,Low,9,8,7,0.7,4,0
819,31,Finance,Low,14,2,9,0.32,3,0
820,26,R&D,Medium,18,4,8,0.86,1,1
821,44,Sales,Low,15,5,6,0.39,4,0
822,31,R&D,Medium,3,7,3,0.72,2,0
823,23,HR,High,1,5,8,0.52,4,0
824,34,Technical,High,12,2,7,0.68,1,0
825,23,HR,Medium,0,5,3,0.29,1,0
826,41,Management,Low,16,0,9,0.21,3,0
827,22,Support,High,12,3,2,0.93,4,0
828,58,Finance,Medium,3,5,3,0.42,4,0
829,30,R&D,Low,6,6,2,0.86,4,0
830,38,R&D,Low,16,9,1,1.0,2,1
831,30,Management,High,8,2,4,0.37,3,1
832,32,R&D,Medium,3,8,5,0.41,1,0
833,36,Management,High,18,6,6,0.73,1,0
834,45,HR,High,0,0,5,0.97,3,0
835,59,Finance,Medium,9,1,1,0.93,1,0
836,56,Technical,Medium,3,0,3,0.6,1,0
837,51,Support,Low,8,8,1,0.84,3,1
838,52,Technical,Low,12,8,5,0.31,1,0
839,26,HR,Low,13,6,5,0.98,4,0
840,35,Support,Medium,9,9,6,0.97,2,0
841,32,R&D,Medium,5,2,8,0.33,3,0
842,30,Sales,High,15,4,1,0.44,2,0
843,55,HR,Low,5,3,4,0.28,1,0
844,33,HR,Medium,16,6,1,0.42,1,0
845,56,Finance,Medium,9,8,9,0.85,4,1
846,56,Technical,Medium,17,1,7,0.5,3,0
847,22,HR,Medium,17,7,7,0.27,1,1
848,43,HR,Low,2,8,5,0.47,3,1
849,50,R&D,Medium,19,9,7,0.99,3,0
850,29,R&D,Low,14,9,2,0.7,3,1
851,32,Support,Low,14,8,4,0.53,3,0
852,58,Management,Low,3,9,7,0.33,3,1
853,35,Management,Medium,8,6,3,0.99,2,0
854,51,Sales,High,18,8,2,0.86,4,0
855,56,Management,Medium,16,8,2,0.43,3,0
856,42,Finance,Medium,10,2,1,0.26,2,0
857,58,Sales,Medium,8,3,5,0.25,1,1
858,26,Support,Medium,9,1,6,0.3,3,0
859,40,R&D,Low,17,9,6,0.66,1,0
860,35,Management,Low,19,2,9,0.94,3,0
861,47,Technical,Low,12,4,4,0.6,2,1
862,25,R&D,Low,7,4,1,0.87,2,0
863,46,Finance,Low,6,5,6,0.56,2,0
864,46,R&D,Low,16,6,5,0.77,4,0
865,39,Finance,Low,14,6,6,0.79,1,0
866,29,Finance,High,19,0,3,0.34,4,0
867,35,Finance,Low,14,1,2,0.49,3,0
868,53,Support,Low,0,8,6,0.71,1,0
869,59,Finance,Low,13,9,1,0.26,2,0
870,54,Finance,Medium,4,1,7,0.49,1,0
871,44,Technical,Low,10,5,7,0.63,2,0
872,36,Sales,Low,15,0,7,1.0,4,0
873,54,HR,Medium,1,2,1,0.58,4,1
874,46,Sales,Low,7,1,4,0.85,2,1
875,38,Finance,Low,10,2,7,0.55,2,0
876,54,Technical,Low,17,4,9,0.84,3,0
877,23,R&D,Low,2,9,5,0.68,4,0
878,35,Technical,Low,0,5,2,0.91,4,0
879,27,Finance,Low,10,8,7,0.53,3,0
880,27,Technical,High,15,9,1,0.68,4,0
881,24,Management,Medium,17,3,7,0.7,2,0
882,28,Technical,Medium,15,6,6,0.53,1,1
883,29,Finance,Low,9,5,7,0.32,1,0
884,36,Support,High,17,1,3,0.27,4,0
885,50,Management,Low,5,9,3,0.21,3,0
886,54,Technical,Low,18,7,7,0.9,2,0
887,51,HR,Medium,3,6,2,0.39,1,0
888,48,HR,Low,12,6,1,0.37,2,0
889,57,Technical,Low,13,7,9,0.79,4,0
890,50,Support,Medium,2,0,9,0.46,4,0
891,59,R&D,High,9,0,7,0.6,1,1
892,54,Finance,Low,5,7,7,0.33,4,0
893,58,HR,Medium,0,3,3,0.97,3,0
894,48,R&D,High,13,4,2,0.88,4,0
895,54,Technical,Low,7,7,7,0.89,4,0
896,25,R&D,Low,18,4,9,0.53,4,0
897,43,Management,Low,13,9,1,0.81,2,1
898,23,Sales,Low,9,3,4,0.32,2,1
899,31,HR,Low,16,5,6,0.21,1,1
900,26,Technical,High,8,4,7,0.22,1,0
901,31,Finance,Medium,5,6,7,0.67,1,1
902,54,Support,Medium,10,9,2,0.56,4,0
903,59,Management,Low,6,6,4,0.61,2,0
904,34,Technical,High,16,3,5,0.21,3,0
905,52,Finance,High,0,4,1,0.54,4,1
906,57,Support,High,4,2,1,0.77,4,0
907,45,Support,Low,8,3,3,0.55,4,0
908,36,Technical,Medium,17,3,3,0.79,3,0
909,50,Management,Low,1,2,8,0.39,1,0
910,29,R&D,Low,10,9,9,0.85,3,0
911,26,R&D,Low,5,4,1,0.67,1,1
912,50,Support,Medium,7,4,2,0.37,3,0
913,25,R&D,Medium,3,6,2,0.39,2,0
914,33,Sales,Low,17,3,4,0.7,4,0
915,23,Support,Low,10,3,2,0.86,4,0
916,48,Support,Low,4,8,7,0.53,4,0
917,52,Finance,Low,14,5,9,0.41,1,0
918,57,R&D,Low,17,3,7,0.89,3,0
919,57,Management,Low,1,1,6,0.74,2,0
920,47,Support,Medium,10,5,1,0.56,3,0
921,48,Management,Low,12,1,9,0.59,4,0
922,26,Sales,Low,3,4,5,0.36,2,0
923,41,Finance,Low,6,5,5,0.7,2,0
924,32,Technical,High,10,3,6,0.49,4,1
925,31,Management,Medium,3,2,9,1.0,3,0
926,59,Support,Medium,14,6,8,0.58,4,0
927,27,Sales,Low,0,1,8,0.59,3,0
928,29,HR,Medium,2,5,8,0.65,2,0
929,44,Sales,Low,13,3,1,0.93,2,1
930,47,Sales,Medium,5,5,1,0.84,4,0
931,33,Finance,High,17,3,8,0.56,2,0
932,47,Technical,Medium,0,3,5,0.77,1,0
933,34,HR,High,5,3,9,0.67,2,0
934,39,R&D,Medium,5,8,2,0.59,1,1
935,46,R&D,Low,15,6,9,0.35,2,0
936,54,Management,High,4,2,8,0.57,4,0
937,33,Sales,Low,16,2,9,0.4,4,0
938,57,Finance,Medium,9,5,4,0.93,1,0
939,25,Finance,Low,17,5,1,0.47,4,1
940,26,R&D,Low,6,3,1,0.96,2,0
941,58,Management,Low,2,8,5,0.63,2,0
942,29,Management,Low,12,3,2,0.71,4,0
943,49,Management,Low,14,8,8,0.63,2,0
944,52,HR,Medium,19,3,5,0.3,3,0
945,30,Technical,Low,18,1,5,0.5,3,0
946,50,HR,Low,2,1,2,0.28,2,0
947,35,Support,Medium,3,4,7,0.7,4,0
948,43,Support,Low,4,3,8,0.56,1,0
949,32,Technical,Medium,0,6,1,0.82,4,1
950,44,R&D,Medium,3,4,2,0.38,1,0
951,22,Technical,High,11,5,4,0.33,4,0
952,58,Finance,Medium,9,9,5,0.53,2,0
953,42,Support,Low,19,3,2,0.94,3,0
954,47,Sales,Medium,12,1,1,0.77,4,0
955,57,Sales,Low,13,9,9,0.54,1,1
956,44,R&D,Low,4,8,1,0.61,3,0
957,22,Finance,Medium,3,9,4,0.27,1,0
958,36,HR,Low,13,6,2,0.99,2,0
959,42,Finance,Medium,9,3,4,0.73,3,0
960,30,Sales,High,16,2,8,0.43,1,0
961,30,Sales,High,9,9,8,0.67,4,0
962,31,Support,High,6,2,9,0.29,2,0
963,47,Finance,Low,15,8,5,0.97,2,0
964,56,Finance,Low,0,4,7,0.34,2,0
965,46,Sales,Medium,16,2,3,0.72,4,0
966,47,HR,Low,8,4,4,0.4,4,0
967,32,R&D,Medium,5,1,9,0.77,3,0
968,59,Management,Medium,18,3,1,0.82,4,0
969,23,R&D,Medium,12,9,2,0.74,3,0
970,28,Finance,Low,2,1,5,0.69,2,0
971,39,R&D,Low,6,1,3,0.91,3,0
972,48,Sales,Low,8,7,2,0.26,1,0
973,55,Sales,Low,4,0,1,0.46,2,0
974,48,Finance,High,9,6,3,0.4,2,0
975,38,Finance,Low,16,4,1,0.99,3,0
976,45,Management,Low,11,7,1,0.51,2,0
977,46,Management,Low,15,0,1,0.79,4,1
978,28,Support,Medium,2,6,8,0.75,1,0
979,27,Finance,Medium,8,4,3,0.37,3,0
980,45,HR,Low,14,3,1,0.39,3,0
981,54,R&D,Low,4,6,7,0.43,2,0
982,50,Finance,Low,12,9,3,0.53,4,0
983,43,Technical,Low,13,1,8,0.39,2,0
984,47,Support,Medium,19,0,4,0.22,2,0
985,49,Technical,Medium,14,0,4,0.9,3,0
986,42,Sales,Low,15,0,5,0.97,2,0
987,28,Management,Low,12,4,6,0.47,1,0
988,38,R&D,High,16,9,7,0.47,2,0
989,41,Finance,Low,7,6,4,0.21,2,0
990,41,Technical,Medium,1,1,8,0.74,3,0
991,43,R&D,Low,4,9,6,0.86,2,0
992,49,Sales,Low,5,7,1,0.32,4,0
993,28,Management,Low,11,3,1,0.33,3,0
994,22,HR,Medium,17,2,9,0.83,2,0
995,53,Support,High,0,9,6,0.69,1,0
996,34,R&D,Low,16,7,8,0.24,1,1
997,51,R&D,Low,10,1,7,0.7,3,1
998,44,HR,Low,9,2,6,0.45,3,0
999,40,R&D,Low,18,2,4,0.49,2,0
1000,53,Sales,Low,13,9,7,0.82,4,0
